,date,author,post_name,post_tag,post_id,link
0,2024-06-14 18:23:00,Елизавета Ронжина,Ozon «доставил» Оксану Самойлову в розовой коробке,Маркетинг,323378,https://adindex.ru/news/marketing/2024/06/14/323378.phtml
1,2024-06-14 17:26:00,Елизавета Ронжина,"Киностудия Starbucks, дезинформация в X и рекламные амбиции Spotify — обзор новостей в зарубежных СМИ",Тенденции,323376,https://adindex.ru/news/tendencies/2024/06/14/323376.phtml
2,2024-06-14 16:20:00,Елизавета Ронжина,Apple стала самым дорогим брендом третий год подряд,Тенденции,323375,https://adindex.ru/news/tendencies/2024/06/14/323375.phtml
3,2024-06-14 15:13:00,Не указан,К полету готовы! Объявлены первые спикеры AdIndex City Conference 2024,Пресс-релизы,323373,https://adindex.ru/news/releases/2024/06/14/323373.phtml
4,2024-06-14 14:35:00,Алена Зиннатова,В ритме вальса: Samsung создал кроссовки для управления смартфоном во время танца,Digital,323372,https://adindex.ru/news/digital/2024/06/14/323372.phtml
5,2024-06-14 13:30:00,Не указан,«Дзен» открыл свое кафе в Москве,Маркетинг,323371,https://adindex.ru/news/marketing/2024/06/14/323371.phtml
6,2024-06-14 12:34:00,Не указан,Вадим Мельников возглавит дивизион Performance в Kokoc Group,Пресс-релизы,323365,https://adindex.ru/news/releases/2024/06/14/323365.phtml
7,2024-06-14 12:31:00,Елизавета Ронжина,Головы Jony и Gayazov$ Brother анонсировали свои песни на «Звуке»,Креатив,323369,https://adindex.ru/news/creative/2024/06/14/323369.phtml
8,2024-06-14 11:00:00,Валентина Буйлова,Каждый четвертый блогер переживает из-за отсутствия рекламодателей,Тенденции,323364,https://adindex.ru/news/tendencies/2024/06/14/323364.phtml
9,2024-06-14 10:00:00,Не указан,ФАС оштрафовала «Яндекс» за ненадлежащую рекламу,Право,323363,https://adindex.ru/news/right/2024/06/14/323363.phtml
10,2024-06-14 09:33:00,Валентина Буйлова,Coca-Cola подала заявку на регистрацию своих товарных знаков в России,Право,323362,https://adindex.ru/news/right/2024/06/14/323362.phtml
11,2024-06-14 09:02:00,Не указан,Дефицит кадров в торговле стал самым масштабным за последние 20 лет,Тенденции,323361,https://adindex.ru/news/tendencies/2024/06/14/323361.phtml
12,2024-06-14 08:33:00,Валентина Буйлова,«Яндекс» создаст отдельный бренд для роботов-доставщиков,Digital,323360,https://adindex.ru/news/digital/2024/06/14/323360.phtml
13,2024-06-14 07:51:00,Не указан,Количество недовольных новыми брендами увеличилось на 16%,Тенденции,323359,https://adindex.ru/news/tendencies/2024/06/14/323359.phtml
14,2024-06-14 07:42:00,Не указан,Вырос спрос на специалистов со знаниями нюансов маркировки интернет-рекламы,Тенденции,323358,https://adindex.ru/news/tendencies/2024/06/14/323358.phtml
15,2024-06-14 07:29:00,Не указан,Сеть детских товаров «Кораблик» начала закрывать магазины,Маркетинг,323357,https://adindex.ru/news/marketing/2024/06/14/323357.phtml
16,2024-06-14 07:20:00,Валентина Буйлова,Блогеры не поддержали отраслевые законопроекты,Право,323356,https://adindex.ru/news/right/2024/06/14/323356.phtml
17,2024-06-13 18:15:00,Не указан,"АКАР, АРИР и РОЦИТ провели новое исследование соцсетей",Пресс-релизы,323352,https://adindex.ru/news/releases/2024/06/13/323352.phtml
18,2024-06-13 17:36:00,Не указан,«Яндекс» купил eLama,Digital,323353,https://adindex.ru/news/digital/2024/06/13/323353.phtml
19,2024-06-13 16:34:00,Не указан,«Российская креативная неделя» пройдет в Москве,Пресс-релизы,323346,https://adindex.ru/news/releases/2024/06/13/323346.phtml
20,2024-06-13 16:30:00,Не указан,Финал исследования об использовании ИИ в маркетинге состоится 25 июня в НИУ ВШЭ,Пресс-релизы,323349,https://adindex.ru/news/releases/2024/06/13/323349.phtml
21,2024-06-13 16:14:00,Не указан,«Мегамаркет» и OBI стали партнерами,Маркетинг,323350,https://adindex.ru/news/marketing/2024/06/13/323350.phtml
22,2024-06-13 14:24:00,Не указан,В «Магнит Косметик» будут продавать коллекцию мужских ароматов Henderson,Маркетинг,323345,https://adindex.ru/news/marketing/2024/06/13/323345.phtml
23,2024-06-13 13:27:00,Не указан,В России прошло первое углеродно-нейтральное соревнование по киберспорту,Пресс-релизы,323340,https://adindex.ru/news/releases/2024/06/13/323340.phtml
24,2024-06-13 12:14:00,Не указан,Divan.ru сменил логотип,Дизайн,323341,https://adindex.ru/news/design/2024/06/13/323341.phtml
25,2024-06-13 10:40:00,Не указан,Ида Галич стала амбассадором «Актибио» в магазинах X5,Маркетинг,323339,https://adindex.ru/news/marketing/2024/06/13/323339.phtml
26,2024-06-13 09:27:00,Не указан,ФАС не обнаружила плагиат в обложке «Букваря»,Право,323338,https://adindex.ru/news/right/2024/06/13/323338.phtml
27,2024-06-13 08:43:00,Не указан,Новые санкции США запретили оказывать России ряд услуг в сфере IT,Право,323337,https://adindex.ru/news/right/2024/06/13/323337.phtml
28,2024-06-13 07:59:00,Не указан,Grow Food создал франшизу на открытие кафе,Маркетинг,323336,https://adindex.ru/news/marketing/2024/06/13/323336.phtml
29,2024-06-13 07:43:00,Не указан,«Яндекс Путешествия» подключил возможность бронирования апартаментов,Маркетинг,323335,https://adindex.ru/news/marketing/2024/06/13/323335.phtml
30,2024-06-13 07:31:00,Не указан,Спрос на ИИ у российских дизайнеров стал больше на 212%,Тенденции,323334,https://adindex.ru/news/tendencies/2024/06/13/323334.phtml
31,2024-06-13 07:22:00,Не указан,Продажи бумажных книг на онлайн-площадках впервые достигли более 50%,Тенденции,323333,https://adindex.ru/news/tendencies/2024/06/13/323333.phtml
32,2024-06-11 17:28:00,Елизавета Ронжина,Lamoda выпустила свой обувной бренд,Маркетинг,323332,https://adindex.ru/news/marketing/2024/06/11/323332.phtml
33,2024-06-11 15:10:00,Елизавета Ронжина,Актеры сериала «Слово пацана» перепели песню «Малинки» для Wink,Креатив,323331,https://adindex.ru/news/creative/2024/06/11/323331.phtml
34,2024-06-11 15:00:00,Не указан,10 рейтинг Technology Index. Лучшие платформы автоматизации кампаний в интернете в 2024 году,Digital,323327,https://adindex.ru/news/digital/2024/06/11/323327.phtml
35,2024-06-11 13:35:00,Елизавета Ронжина,Pinterest отправил пользователей в путешествие по эстетике,Креатив,323329,https://adindex.ru/news/creative/2024/06/11/323329.phtml
36,2024-06-11 13:12:00,Не указан,Оператор наружной рекламы RGB Graphics разместил новый медиафасад в ЦАО Москвы,Пресс-релизы,323319,https://adindex.ru/news/releases/2024/06/11/323319.phtml?erid=2VtzqvEeDUi
37,2024-06-11 11:29:00,Елизавета Ронжина,«Пятерочка» назначила нового руководителя маркетинговых коммуникаций,Кадры,323307,https://adindex.ru/news/hr/2024/06/11/323307.phtml
38,2024-06-11 10:55:00,Елизавета Ронжина,Директор по маркетингу O’Stin перешел в «Инвитро»,Кадры,323290,https://adindex.ru/news/hr/2024/06/11/323290.phtml
39,2024-06-11 10:46:00,Не указан,Estee Lauder подала заявку на регистрацию бренда Tom Ford в России,Право,323285,https://adindex.ru/news/right/2024/06/11/323285.phtml
40,2024-06-11 09:11:00,Не указан,Более 20 проектов компьютерных игр могут получить поддержку ИРИ,Digital,323263,https://adindex.ru/news/digital/2024/06/11/323263.phtml
41,2024-06-11 08:30:00,Не указан,Российское подразделение GfK будет продано местному менеджменту,Право,323257,https://adindex.ru/news/right/2024/06/11/323257.phtml
42,2024-06-11 07:42:00,Не указан,Объем производства одежды вырос в стране более чем на 24%,Тенденции,323255,https://adindex.ru/news/tendencies/2024/06/11/323255.phtml
43,2024-06-11 07:33:00,Не указан,Ретейлеры начали продавать свои СТМ на других площадках,Маркетинг,323254,https://adindex.ru/news/marketing/2024/06/11/323254.phtml
44,2024-06-10 21:05:00,Не указан,"Свобода иконкам, фейсконтроль к приложениям и новый интеллект — Apple показала новые продукты на WWDC 2024",Digital,323253,https://adindex.ru/news/digital/2024/06/10/323253.phtml
45,2024-06-10 18:27:00,Елизавета Ронжина,Экс-директор по маркетингу «Самоката» перешел в «билайн»,Кадры,323251,https://adindex.ru/news/hr/2024/06/10/323251.phtml
46,2024-06-10 18:06:00,Елизавета Худоятова,"Брендлокатор. Подрядчиков ищут: Тele2, «билайн», «ВКонтакте»",Эккаунты,323249,https://adindex.ru/news/ek/2024/06/10/323249.phtml
47,2024-06-10 17:50:00,Елизавета Ронжина,Экс-глава Premier стала гендиректором «МТС медиа»,Кадры,323247,https://adindex.ru/news/hr/2024/06/10/323247.phtml
48,2024-06-10 17:10:00,Елизавета Ронжина,Суд вынес определение об аресте денег на счетах российских агентств по искам «дочки» Google,Право,323244,https://adindex.ru/news/right/2024/06/10/323244.phtml
49,2024-06-10 15:38:00,Елизавета Ронжина,Михаил Петрухин стал новым директором по маркетингу «Самоката»,Кадры,323243,https://adindex.ru/news/hr/2024/06/10/323243.phtml
50,2024-06-10 14:41:00,Не указан,НИУ ВШЭ и ГК Игроник заключили соглашение о сотрудничестве,Пресс-релизы,323233,https://adindex.ru/news/releases/2024/06/10/323233.phtml?erid=2VtzqwJSUPp
51,2024-06-10 13:32:00,Елизавета Ронжина,«Дикси» создал формат ультрамалых магазинов,Маркетинг,323241,https://adindex.ru/news/marketing/2024/06/10/323241.phtml
52,2024-06-10 12:00:00,Елизавета Ронжина,"Merhaba, Марина! Звезда «Великолепного века» постучалась в двери фанатов турецких сериалов",Креатив,323240,https://adindex.ru/news/creative/2024/06/10/323240.phtml
53,2024-06-10 11:27:00,Не указан,Бренды смогут добавлять таргетинг в Telegram Ads по данным программы лояльности «Магнита»,Digital,323238,https://adindex.ru/news/digital/2024/06/10/323238.phtml
54,2024-06-10 10:16:00,Не указан,«Букмейт» создал виртуального рассказчика,Digital,323234,https://adindex.ru/news/digital/2024/06/10/323234.phtml
55,2024-06-10 07:57:00,Не указан,Ретейлер Inventive Retail Group открыл первый магазин игрушек,Маркетинг,323232,https://adindex.ru/news/marketing/2024/06/10/323232.phtml
56,2024-06-10 07:47:00,Не указан,Гендиректор «МТС Медиа» Елена Бальмонт покинула холдинг,Кадры,323231,https://adindex.ru/news/hr/2024/06/10/323231.phtml
57,2024-06-10 07:39:00,Не указан,Сеть «Л’Этуаль» начала работать на рынке Ближнего Востока,Маркетинг,323229,https://adindex.ru/news/marketing/2024/06/10/323229.phtml
58,2024-06-10 07:21:00,Не указан,Владелец «Нашего радио» начал искать покупателя на свой актив,Право,323230,https://adindex.ru/news/right/2024/06/10/323230.phtml
59,2024-06-07 18:50:00,Алена Позднякова,Реклама «Инста* теперь LOOKY» появилась на цифровых экранах в Санкт-Петербурге,Пресс-релизы,323217,https://adindex.ru/news/releases/2024/06/7/323217.phtml?erid=2VtzqwkvTi6
60,2024-06-07 18:48:00,Елизавета Ронжина,Правительство поддержало закон о регулировании маркетплейсов,Право,323227,https://adindex.ru/news/right/2024/06/7/323227.phtml
61,2024-06-07 18:20:00,Елизавета Ронжина,Сергей Ефимов стал главой подразделения Resolution OMD OM Group,Кадры,323226,https://adindex.ru/news/hr/2024/06/7/323226.phtml
62,2024-06-07 17:37:00,Не указан,AdIndex и премия «Проксима» запустили совместный спецпроект,Пресс-релизы,323223,https://adindex.ru/news/releases/2024/06/7/323223.phtml
63,2024-06-07 16:53:00,Елизавета Ронжина,Вынужденный «перерыв на рекламу» в Instagram* и рост прогноза рекламного рынка от Dentsu — обзор новостей в зарубежных СМИ,Тенденции,323222,https://adindex.ru/news/tendencies/2024/06/7/323222.phtml
64,2024-06-07 16:31:00,Не указан,Телеканал «Пятница!» совместно с Yappy объявили начало кастинга в интеллектуальное шоу «Умнее всех»,Пресс-релизы,323179,https://adindex.ru/news/releases/2024/06/6/323179.phtml?erid=2VtzqwFoGk6
65,2024-06-07 15:48:00,Не указан,Pari поддержит сборную Сербии на чемпионате Европы,Пресс-релизы,323203,https://adindex.ru/news/releases/2024/06/7/323203.phtml
66,2024-06-07 15:40:00,Мария Хайкина,МАЕР предоставит дополнительное эфирное время для соцпроектов,Пресс-релизы,323205,https://adindex.ru/news/releases/2024/06/7/323205.phtml?erid=2Vtzqw5Y5Kt
67,2024-06-07 15:08:00,Елизавета Ронжина,Директор по маркетингу Mixit перешел в Divage,Кадры,323213,https://adindex.ru/news/hr/2024/06/7/323213.phtml
68,2024-06-07 14:30:00,Мария Хайкина,Игроник и Russ договорились о совместном продвижении российских товаров и услуг,Пресс-релизы,323204,https://adindex.ru/news/releases/2024/06/7/323204.phtml?erid=2Vtzqws7X8J
69,2024-06-07 13:25:00,Елизавета Ронжина,Диджитал-инфлюенсер «Пятницы!» переехал на дачу,Креатив,323210,https://adindex.ru/news/creative/2024/06/7/323210.phtml
70,2024-06-07 12:36:00,Елизавета Ронжина,Антон Ефимов возглавит новое трейдинг-подразделение в OMD OM Group,Маркетинг,323208,https://adindex.ru/news/marketing/2024/06/7/323208.phtml
71,2024-06-07 11:10:00,Не указан,Авторы «ВКонтакте» смогут получать выплаты без оформления юрлица или самозанятости,Digital,323202,https://adindex.ru/news/digital/2024/06/7/323202.phtml
72,2024-06-07 10:03:00,Не указан,Финал конкурса рекламы «Битва креаторов» состоится 7 июня в Саранске,Пресс-релизы,323199,https://adindex.ru/news/releases/2024/06/7/323199.phtml
73,2024-06-07 09:40:00,Не указан,Юлия Пересильд и ее дочь представили новую коллекцию Ecco,Тенденции,323198,https://adindex.ru/news/tendencies/2024/06/7/323198.phtml
74,2024-06-07 08:37:00,Не указан,Стриминг «Звук» будет развивать театральное искусство,Маркетинг,323197,https://adindex.ru/news/marketing/2024/06/7/323197.phtml
75,2024-06-07 08:00:00,Не указан,WhatsApp создаст специального помощника с ИИ,Digital,323194,https://adindex.ru/news/digital/2024/06/7/323194.phtml
76,2024-06-07 07:47:00,Не указан,В Госдуме подготовлен законопроект о запрете рекламы в запрещенных соцсетях,Право,323196,https://adindex.ru/news/right/2024/06/7/323196.phtml
77,2024-06-07 07:15:00,Не указан,Крупнейшие продуктовые ретейлеры увеличили выручку на четверть,Тенденции,323195,https://adindex.ru/news/tendencies/2024/06/7/323195.phtml
78,2024-06-07 06:51:00,Не указан,СТС снимет свою версию телеигры «Форт Боярд»,Медиа,323193,https://adindex.ru/news/media/2024/06/7/323193.phtml
79,2024-06-06 18:24:00,Елизавета Ронжина,«Игроник» объединился с Tele2 для создания диджитал-инструментов,Маркетинг,323189,https://adindex.ru/news/marketing/2024/06/6/323189.phtml
80,2024-06-06 17:42:00,Елизавета Ронжина,Видеореклама появилась в Telegram Mini Apps,Digital,323186,https://adindex.ru/news/digital/2024/06/6/323186.phtml
81,2024-06-06 16:27:00,Елизавета Худоятова,RoRe увеличила прогноз по объему рынка,Рекламные бюджеты,323184,https://adindex.ru/news/ad_budjet/2024/06/6/323184.phtml
82,2024-06-06 14:30:00,Елизавета Ронжина,Лепота! Актер «Великолепного века» анонсировал проект с «Иви»,Креатив,323182,https://adindex.ru/news/creative/2024/06/6/323182.phtml
83,2024-06-06 13:29:00,Елизавета Ронжина,«Союзмультфильм» и Сергей Лукьяненко представят медиафраншизу о русских супергероях,Медиа,323181,https://adindex.ru/news/media/2024/06/6/323181.phtml
84,2024-06-06 13:12:00,Мария Хайкина,Медиахолдинг МАЕР поддержал ПМЭФ’24,Пресс-релизы,323164,https://adindex.ru/news/releases/2024/06/5/323164.phtml?erid=2Vtzqv1KavS
85,2024-06-06 12:09:00,Елизавета Ронжина,Блогер Сергей Мезенцев стал ведущим шоу о риелторах «Не в метрах счастье»,Медиа,323178,https://adindex.ru/news/media/2024/06/6/323178.phtml
86,2024-06-06 11:29:00,Не указан,Яна Лютаревич уходит из Divan.ru,Кадры,323176,https://adindex.ru/news/hr/2024/06/6/323176.phtml
87,2024-06-06 10:18:00,Не указан,Продажи техники выросли на 15% в первом квартале,Тенденции,323174,https://adindex.ru/news/tendencies/2024/06/6/323174.phtml
88,2024-06-06 09:49:00,Не указан,Треть компаний увеличили расходы на рекламу в первом квартале,Тенденции,323173,https://adindex.ru/news/tendencies/2024/06/6/323173.phtml
89,2024-06-06 08:23:00,Не указан,Disney может выпустить продолжение «Гравити Фолз»,Медиа,323172,https://adindex.ru/news/media/2024/06/6/323172.phtml
90,2024-06-06 07:50:00,Не указан,Instagram* добавил новые функции в Notes,Digital,323171,https://adindex.ru/news/digital/2024/06/6/323171.phtml
91,2024-06-06 07:38:00,Не указан,Новый кириллический домен появился в России впервые за 10 лет,Digital,323170,https://adindex.ru/news/digital/2024/06/6/323170.phtml
92,2024-06-06 07:17:00,Не указан,Количество китайских продавцов на Ozon превысило 100 тысяч,Тенденции,323169,https://adindex.ru/news/tendencies/2024/06/6/323169.phtml
93,2024-06-05 15:12:00,Не указан,Экспертный совет digital-премии «Проксима» окончательно сформирован,Пресс-релизы,323072,https://adindex.ru/news/releases/2024/06/3/323072.phtml?erid=2VtzqvEhV7t
94,2024-06-05 14:27:00,Елизавета Ронжина,«Яндекс» сформировал новый совет директоров,Digital,323161,https://adindex.ru/news/digital/2024/06/5/323161.phtml
95,2024-06-05 12:55:00,Елизавета Ронжина,«Самокат» выступил против кибербуллинга и провел день с подростком,Социальные проекты,323142,https://adindex.ru/news/social_advertising/2024/06/5/323142.phtml
96,2024-06-05 11:26:00,Елизавета Ронжина,«Дзен» добавил возможность подписки на определенную тему,Digital,323137,https://adindex.ru/news/digital/2024/06/5/323137.phtml
97,2024-06-05 10:40:00,Валентина Буйлова,IKEA открыла первый магазин в Roblox,Маркетинг,323136,https://adindex.ru/news/marketing/2024/06/5/323136.phtml
98,2024-06-05 09:42:00,Валентина Буйлова,«Тинькофф» переименован в Т‑Банк,Маркетинг,323134,https://adindex.ru/news/marketing/2024/06/5/323134.phtml
99,2024-06-05 07:52:00,Валентина Буйлова,Росаккредитация может обязать маркетплейсы подтверждать качество товаров,Право,323133,https://adindex.ru/news/right/2024/06/5/323133.phtml
100,2024-06-05 07:38:00,Валентина Буйлова,«Эксмо-АСТ» введет питчинг для игровых студий и театров,Маркетинг,323132,https://adindex.ru/news/marketing/2024/06/5/323132.phtml
101,2024-06-05 07:21:00,Валентина Буйлова,Продажи билетов на развлекательные мероприятия восстановились после падения,Тенденции,323131,https://adindex.ru/news/tendencies/2024/06/5/323131.phtml
102,2024-06-04 18:45:00,Елизавета Ронжина,Citroën «угнал» электромобили у элиты,Креатив,323130,https://adindex.ru/news/creative/2024/06/4/323130.phtml
103,2024-06-04 18:12:00,Елизавета Ронжина,Сибирские города-миллионники стали лидерами по обороту на маркетплейсах,Исследования,323129,https://adindex.ru/news/researches/2024/06/4/323129.phtml
104,2024-06-04 17:45:00,Елизавета Ронжина,«Авито» назначил Татьяну Жаркову руководителем финтех-направления,Кадры,323128,https://adindex.ru/news/hr/2024/06/4/323128.phtml
105,2024-06-04 16:31:00,Елизавета Ронжина,МТС Ads представила платформу для сбора данных о клиентах в едином профиле,Маркетинг,323126,https://adindex.ru/news/marketing/2024/06/4/323126.phtml
106,2024-06-04 15:08:00,Елизавета Ронжина,Группа «Хлеб» рассказала про опции «VK Музыки»,Креатив,323125,https://adindex.ru/news/creative/2024/06/4/323125.phtml
107,2024-06-04 12:16:00,Елизавета Ронжина,Четыре банка РФ объединили данные о счетах клиентов,Маркетинг,323121,https://adindex.ru/news/marketing/2024/06/4/323121.phtml
108,2024-06-04 11:49:00,Елизавета Ронжина,Гендиректором оператора платежной системы «Мир» стал Дмитрий Дубынин,Кадры,323120,https://adindex.ru/news/hr/2024/06/4/323120.phtml
109,2024-06-04 11:06:00,Елизавета Ронжина,«Веломоторс» назначила Ивана Нагибу директором по маркетингу,Кадры,323103,https://adindex.ru/news/hr/2024/06/4/323103.phtml
110,2024-06-04 10:17:00,Валентина Буйлова,«Роллтон» снял ролик под трек Глюкозы,Креатив,323085,https://adindex.ru/news/creative/2024/06/4/323085.phtml
111,2024-06-04 09:49:00,Валентина Буйлова,Объем заказов из других стран может сократиться на 10% год к году,Тенденции,323086,https://adindex.ru/news/tendencies/2024/06/4/323086.phtml
112,2024-06-04 08:38:00,Валентина Буйлова,Starbucks подала заявки в Роспатент на несколько товарных знаков,Право,323087,https://adindex.ru/news/right/2024/06/4/323087.phtml
113,2024-06-04 08:02:00,Валентина Буйлова,«Выходите за рамки привычного»: hh.ru снял ролик в стиле Уэса Андерсона,Креатив,323084,https://adindex.ru/news/creative/2024/06/4/323084.phtml
114,2024-06-04 07:36:00,Валентина Буйлова,Майнинг может стать видом экономической деятельности в стране,Право,323083,https://adindex.ru/news/right/2024/06/4/323083.phtml
115,2024-06-04 07:23:00,Валентина Буйлова,Выручка кинотеатров в мае может сократиться на 25% год к году,Тенденции,323082,https://adindex.ru/news/tendencies/2024/06/4/323082.phtml
116,2024-06-03 18:58:00,Валентина Буйлова,Фантастика и фэнтези стали самыми ожидаемыми категориями книг лета,Тенденции,323081,https://adindex.ru/news/tendencies/2024/06/3/323081.phtml
117,2024-06-03 18:00:00,Валентина Буйлова,Российские производители укрепили позиции на рынке косметики,Тенденции,323080,https://adindex.ru/news/tendencies/2024/06/3/323080.phtml
118,2024-06-03 17:16:00,Не указан,Digital Budget запустил систему мониторинга Banner Stat,Пресс-релизы,323074,https://adindex.ru/news/releases/2024/06/3/323074.phtml?erid=2Vtzqw8EXdQ
119,2024-06-03 17:08:00,Не указан,"Брендлокатор. Подрядчиков ищут: «ВКонтакте», «М.Видео-Эльдорадо», Mixit, Ozon",Эккаунты,323077,https://adindex.ru/news/ek/2024/06/3/323077.phtml
120,2024-06-03 16:22:00,Валентина Буйлова,МТС показал племянника Дмитрия Нагиева в новой рекламной кампании,Креатив,323075,https://adindex.ru/news/creative/2024/06/3/323075.phtml
121,2024-06-03 11:14:00,Елизавета Ронжина,Рынок Smart TV восстановился после ухода иностранных брендов,Тенденции,323066,https://adindex.ru/news/tendencies/2024/06/3/323066.phtml
122,2024-06-03 09:59:00,Елизавета Ронжина,«Додо Пицца» подала в суд на «Телеграм»,Право,323061,https://adindex.ru/news/right/2024/06/3/323061.phtml
123,2024-06-03 08:42:00,Елизавета Ронжина,РПЦ и Роспатент хотят запретить регистрировать товарные знаки с религиозной символикой,Право,323060,https://adindex.ru/news/right/2024/06/3/323060.phtml
124,2024-06-03 08:02:00,Не указан,«Билайн» рассказал о качестве связи в оживленных местах,Креатив,323059,https://adindex.ru/news/creative/2024/06/3/323059.phtml
125,2024-06-03 07:48:00,Елизавета Ронжина,Nestle сделала фокус на питании для пожилых на фоне снижения рождаемости,Маркетинг,323058,https://adindex.ru/news/marketing/2024/06/3/323058.phtml
126,2024-06-03 07:32:00,Елизавета Ронжина,"Продажи холодного кофе в российских сетях выросли более чем в 2,5 раза",Тенденции,323057,https://adindex.ru/news/tendencies/2024/06/3/323057.phtml
127,2024-06-03 07:07:00,Елизавета Ронжина,Производитель бытовой техники Hansa отдал бизнес в РФ дистрибьютору,Тенденции,323056,https://adindex.ru/news/tendencies/2024/06/3/323056.phtml
128,2024-06-03 06:53:00,Елизавета Ронжина,«Яндекс» начал работать над единой нейросетью для речи и текста,Digital,323055,https://adindex.ru/news/digital/2024/06/3/323055.phtml
