,date,author,post_name,post_tag,post_id,link,Посетители,Читатели,Уникальные пользователи,% недочитываемости,Глубина просмотра,Ср. время на сайте (сек)
0,2024-06-14 18:23:00,Елизавета Ронжина,Ozon «доставил» Оксану Самойлову в розовой коробке,Маркетинг,323378,https://adindex.ru/news/marketing/2024/06/14/323378.phtml,113.0,245.0,110.0,33.4883720925,1.5331081075,449.475
1,2024-06-14 17:26:00,Елизавета Ронжина,"Киностудия Starbucks, дезинформация в X и рекламные амбиции Spotify — обзор новостей в зарубежных СМИ",Тенденции,323376,https://adindex.ru/news/tendencies/2024/06/14/323376.phtml,25.0,156.0,25.0,0.0,2.633333335,192.2
2,2024-06-14 16:20:00,Елизавета Ронжина,Apple стала самым дорогим брендом третий год подряд,Тенденции,323375,https://adindex.ru/news/tendencies/2024/06/14/323375.phtml,29.0,164.0,28.0,0.0,5.333333335,251.833333335
3,2024-06-14 15:13:00,Не указан,К полету готовы! Объявлены первые спикеры AdIndex City Conference 2024,Пресс-релизы,323373,https://adindex.ru/news/releases/2024/06/14/323373.phtml,19.0,79.0,19.0,0.0,2.5,779.14285714
4,2024-06-14 14:35:00,Алена Зиннатова,В ритме вальса: Samsung создал кроссовки для управления смартфоном во время танца,Digital,323372,https://adindex.ru/news/digital/2024/06/14/323372.phtml,33.0,232.0,32.0,0.0,1.642857145,74.142857145
5,2024-06-14 13:30:00,Не указан,«Дзен» открыл свое кафе в Москве,Маркетинг,323371,https://adindex.ru/news/marketing/2024/06/14/323371.phtml,101.0,350.0,91.0,0.0,1.5,26.583333335
6,2024-06-14 12:34:00,Не указан,Вадим Мельников возглавит дивизион Performance в Kokoc Group,Пресс-релизы,323365,https://adindex.ru/news/releases/2024/06/14/323365.phtml,11.0,25.0,10.0,0.0,2.133333335,44.966666665
7,2024-06-14 12:31:00,Елизавета Ронжина,Головы Jony и Gayazov$ Brother анонсировали свои песни на «Звуке»,Креатив,323369,https://adindex.ru/news/creative/2024/06/14/323369.phtml,34.0,206.0,32.0,0.0,2.4183333325,72.515151515
8,2024-06-14 11:00:00,Валентина Буйлова,Каждый четвертый блогер переживает из-за отсутствия рекламодателей,Тенденции,323364,https://adindex.ru/news/tendencies/2024/06/14/323364.phtml,30.0,262.0,27.0,22.142857145,8.0,676.0
9,2024-06-14 10:00:00,Не указан,ФАС оштрафовала «Яндекс» за ненадлежащую рекламу,Право,323363,https://adindex.ru/news/right/2024/06/14/323363.phtml,35.0,261.0,34.0,0.0,4.6875,201.5
10,2024-06-14 09:33:00,Валентина Буйлова,Coca-Cola подала заявку на регистрацию своих товарных знаков в России,Право,323362,https://adindex.ru/news/right/2024/06/14/323362.phtml,34.0,234.0,33.0,0.0,4.5434782600000005,277.717391305
11,2024-06-14 09:02:00,Не указан,Дефицит кадров в торговле стал самым масштабным за последние 20 лет,Тенденции,323361,https://adindex.ru/news/tendencies/2024/06/14/323361.phtml,66.0,334.0,65.0,0.0,2.66294643,186.69047619000003
12,2024-06-14 08:33:00,Валентина Буйлова,«Яндекс» создаст отдельный бренд для роботов-доставщиков,Digital,323360,https://adindex.ru/news/digital/2024/06/14/323360.phtml,28.0,253.0,27.0,0.0,4.0,446.07142857
13,2024-06-14 07:51:00,Не указан,Количество недовольных новыми брендами увеличилось на 16%,Тенденции,323359,https://adindex.ru/news/tendencies/2024/06/14/323359.phtml,31.0,247.0,30.0,0.0,2.6,370.5
14,2024-06-14 07:42:00,Не указан,Вырос спрос на специалистов со знаниями нюансов маркировки интернет-рекламы,Тенденции,323358,https://adindex.ru/news/tendencies/2024/06/14/323358.phtml,16.0,190.0,14.0,0.0,4.125,165.5
15,2024-06-14 07:29:00,Не указан,Сеть детских товаров «Кораблик» начала закрывать магазины,Маркетинг,323357,https://adindex.ru/news/marketing/2024/06/14/323357.phtml,62.0,208.0,57.0,0.0,1.4,21.6
16,2024-06-14 07:20:00,Валентина Буйлова,Блогеры не поддержали отраслевые законопроекты,Право,323356,https://adindex.ru/news/right/2024/06/14/323356.phtml,21.0,169.0,19.0,0.0,3.916666665,443.0
17,2024-06-13 18:15:00,Не указан,"АКАР, АРИР и РОЦИТ провели новое исследование соцсетей",Пресс-релизы,323352,https://adindex.ru/news/releases/2024/06/13/323352.phtml,30.0,133.0,27.0,0.0,3.83333333,125.0
18,2024-06-13 17:36:00,Не указан,«Яндекс» купил eLama,Digital,323353,https://adindex.ru/news/digital/2024/06/13/323353.phtml,130.0,415.0,126.0,0.0,2.0,106.5
19,2024-06-13 16:34:00,Не указан,«Российская креативная неделя» пройдет в Москве,Пресс-релизы,323346,https://adindex.ru/news/releases/2024/06/13/323346.phtml,17.0,117.0,17.0,0.0,10.25,739.0
20,2024-06-13 16:30:00,Не указан,Финал исследования об использовании ИИ в маркетинге состоится 25 июня в НИУ ВШЭ,Пресс-релизы,323349,https://adindex.ru/news/releases/2024/06/13/323349.phtml,5.0,26.0,5.0,0.0,6.0,323.0
21,2024-06-13 16:14:00,Не указан,«Мегамаркет» и OBI стали партнерами,Маркетинг,323350,https://adindex.ru/news/marketing/2024/06/13/323350.phtml,42.0,111.0,41.0,0.0,2.33333333,57.36363636
22,2024-06-13 14:24:00,Не указан,В «Магнит Косметик» будут продавать коллекцию мужских ароматов Henderson,Маркетинг,323345,https://adindex.ru/news/marketing/2024/06/13/323345.phtml,21.0,52.0,20.0,0.0,2.22222222,173.0
23,2024-06-13 13:27:00,Не указан,В России прошло первое углеродно-нейтральное соревнование по киберспорту,Пресс-релизы,323340,https://adindex.ru/news/releases/2024/06/13/323340.phtml,13.0,46.0,13.0,0.0,2.25,31.375
24,2024-06-13 12:14:00,Не указан,Divan.ru сменил логотип,Дизайн,323341,https://adindex.ru/news/design/2024/06/13/323341.phtml,70.0,308.0,66.0,14.285,1.8250000000000002,143.305
25,2024-06-13 10:40:00,Не указан,Ида Галич стала амбассадором «Актибио» в магазинах X5,Маркетинг,323339,https://adindex.ru/news/marketing/2024/06/13/323339.phtml,54.0,220.0,51.0,12.5,2.125,181.06
26,2024-06-13 09:27:00,Не указан,ФАС не обнаружила плагиат в обложке «Букваря»,Право,323338,https://adindex.ru/news/right/2024/06/13/323338.phtml,24.0,88.0,23.0,0.0,2.4861111124999997,371.2083333325
27,2024-06-13 08:43:00,Не указан,Новые санкции США запретили оказывать России ряд услуг в сфере IT,Право,323337,https://adindex.ru/news/right/2024/06/13/323337.phtml,100.0,172.0,99.0,0.0,1.1,23.5
28,2024-06-13 07:59:00,Не указан,Grow Food создал франшизу на открытие кафе,Маркетинг,323336,https://adindex.ru/news/marketing/2024/06/13/323336.phtml,24.0,96.0,22.0,20.0,1.0,15.0
29,2024-06-13 07:43:00,Не указан,«Яндекс Путешествия» подключил возможность бронирования апартаментов,Маркетинг,323335,https://adindex.ru/news/marketing/2024/06/13/323335.phtml,40.0,116.0,40.0,12.5,2.67857143,25.25
30,2024-06-13 07:31:00,Не указан,Спрос на ИИ у российских дизайнеров стал больше на 212%,Тенденции,323334,https://adindex.ru/news/tendencies/2024/06/13/323334.phtml,25.0,103.0,23.0,0.0,2.1785714275,117.214285715
31,2024-06-13 07:22:00,Не указан,Продажи бумажных книг на онлайн-площадках впервые достигли более 50%,Тенденции,323333,https://adindex.ru/news/tendencies/2024/06/13/323333.phtml,16.0,107.0,16.0,0.0,2.66666667,262.0
32,2024-06-11 17:28:00,Елизавета Ронжина,Lamoda выпустила свой обувной бренд,Маркетинг,323332,https://adindex.ru/news/marketing/2024/06/11/323332.phtml,36.0,296.0,33.0,0.0,4.0,181.66666667
33,2024-06-11 15:10:00,Елизавета Ронжина,Актеры сериала «Слово пацана» перепели песню «Малинки» для Wink,Креатив,323331,https://adindex.ru/news/creative/2024/06/11/323331.phtml,100.0,274.0,98.0,6.0,1.24,17.0
34,2024-06-11 15:00:00,Не указан,10 рейтинг Technology Index. Лучшие платформы автоматизации кампаний в интернете в 2024 году,Digital,323327,https://adindex.ru/news/digital/2024/06/11/323327.phtml,153.0,451.0,135.0,0.0,2.375,289.875
35,2024-06-11 13:35:00,Елизавета Ронжина,Pinterest отправил пользователей в путешествие по эстетике,Креатив,323329,https://adindex.ru/news/creative/2024/06/11/323329.phtml,52.0,261.0,49.0,29.1666666675,2.2156862725,184.9795751625
36,2024-06-11 13:12:00,Не указан,Оператор наружной рекламы RGB Graphics разместил новый медиафасад в ЦАО Москвы,Пресс-релизы,323319,https://adindex.ru/news/releases/2024/06/11/323319.phtml?erid=2VtzqvEeDUi,19.0,152.0,19.0,0.0,7.66666667,434.66666667
37,2024-06-11 11:29:00,Елизавета Ронжина,«Пятерочка» назначила нового руководителя маркетинговых коммуникаций,Кадры,323307,https://adindex.ru/news/hr/2024/06/11/323307.phtml,897.0,1581.0,879.0,3.57,1.9649999999999999,119.82666666499999
38,2024-06-11 10:55:00,Елизавета Ронжина,Директор по маркетингу O’Stin перешел в «Инвитро»,Кадры,323290,https://adindex.ru/news/hr/2024/06/11/323290.phtml,87.0,436.0,81.0,0.925925925,3.45,189.712962965
39,2024-06-11 10:46:00,Не указан,Estee Lauder подала заявку на регистрацию бренда Tom Ford в России,Право,323285,https://adindex.ru/news/right/2024/06/11/323285.phtml,29.0,233.0,29.0,0.0,8.1,423.366666665
40,2024-06-11 09:11:00,Не указан,Более 20 проектов компьютерных игр могут получить поддержку ИРИ,Digital,323263,https://adindex.ru/news/digital/2024/06/11/323263.phtml,70.0,188.0,69.0,0.0,4.666666665,402.66666667000004
41,2024-06-11 08:30:00,Не указан,Российское подразделение GfK будет продано местному менеджменту,Право,323257,https://adindex.ru/news/right/2024/06/11/323257.phtml,45.0,194.0,38.0,25.0,1.7201704549999999,71.470170455
42,2024-06-11 07:42:00,Не указан,Объем производства одежды вырос в стране более чем на 24%,Тенденции,323255,https://adindex.ru/news/tendencies/2024/06/11/323255.phtml,21.0,139.0,21.0,0.0,3.283333335,462.966666665
43,2024-06-11 07:33:00,Не указан,Ретейлеры начали продавать свои СТМ на других площадках,Маркетинг,323254,https://adindex.ru/news/marketing/2024/06/11/323254.phtml,36.0,243.0,35.0,50.0,2.357142855,92.0
44,2024-06-10 21:05:00,Не указан,"Свобода иконкам, фейсконтроль к приложениям и новый интеллект — Apple показала новые продукты на WWDC 2024",Digital,323253,https://adindex.ru/news/digital/2024/06/10/323253.phtml,52.0,321.0,49.0,0.0,3.9,580.85
45,2024-06-10 18:27:00,Елизавета Ронжина,Экс-директор по маркетингу «Самоката» перешел в «билайн»,Кадры,323251,https://adindex.ru/news/hr/2024/06/10/323251.phtml,138.0,464.0,125.0,15.760869565,2.06060606,82.5
46,2024-06-10 18:06:00,Елизавета Худоятова,"Брендлокатор. Подрядчиков ищут: Тele2, «билайн», «ВКонтакте»",Эккаунты,323249,https://adindex.ru/news/ek/2024/06/10/323249.phtml,40.0,281.0,38.0,12.5,3.0,289.391666665
47,2024-06-10 17:50:00,Елизавета Ронжина,Экс-глава Premier стала гендиректором «МТС медиа»,Кадры,323247,https://adindex.ru/news/hr/2024/06/10/323247.phtml,72.0,306.0,69.0,0.0,2.0,267.0
48,2024-06-10 17:10:00,Елизавета Ронжина,Суд вынес определение об аресте денег на счетах российских агентств по искам «дочки» Google,Право,323244,https://adindex.ru/news/right/2024/06/10/323244.phtml,279.0,661.0,254.0,2.78,1.13,47.89
49,2024-06-10 15:38:00,Елизавета Ронжина,Михаил Петрухин стал новым директором по маркетингу «Самоката»,Кадры,323243,https://adindex.ru/news/hr/2024/06/10/323243.phtml,204.0,518.0,193.0,8.335,1.9775,77.77250000000001
50,2024-06-10 14:41:00,Не указан,НИУ ВШЭ и ГК Игроник заключили соглашение о сотрудничестве,Пресс-релизы,323233,https://adindex.ru/news/releases/2024/06/10/323233.phtml?erid=2VtzqwJSUPp,17.0,111.0,17.0,0.0,5.5,663.5
51,2024-06-10 13:32:00,Елизавета Ронжина,«Дикси» создал формат ультрамалых магазинов,Маркетинг,323241,https://adindex.ru/news/marketing/2024/06/10/323241.phtml,50.0,264.0,48.0,0.0,3.0,108.0
52,2024-06-10 12:00:00,Елизавета Ронжина,"Merhaba, Марина! Звезда «Великолепного века» постучалась в двери фанатов турецких сериалов",Креатив,323240,https://adindex.ru/news/creative/2024/06/10/323240.phtml,239.0,581.0,215.0,3.333333335,1.0833333349999998,19.916666665
53,2024-06-10 11:27:00,Не указан,Бренды смогут добавлять таргетинг в Telegram Ads по данным программы лояльности «Магнита»,Digital,323238,https://adindex.ru/news/digital/2024/06/10/323238.phtml,56.0,385.0,55.0,0.0,3.772727275,322.0
54,2024-06-10 10:16:00,Не указан,«Букмейт» создал виртуального рассказчика,Digital,323234,https://adindex.ru/news/digital/2024/06/10/323234.phtml,48.0,227.0,48.0,0.0,3.0,300.5
55,2024-06-10 07:57:00,Не указан,Ретейлер Inventive Retail Group открыл первый магазин игрушек,Маркетинг,323232,https://adindex.ru/news/marketing/2024/06/10/323232.phtml,25.0,169.0,25.0,0.0,2.8,394.0
56,2024-06-10 07:47:00,Не указан,Гендиректор «МТС Медиа» Елена Бальмонт покинула холдинг,Кадры,323231,https://adindex.ru/news/hr/2024/06/10/323231.phtml,336.0,563.0,331.0,25.0,1.13068182,23.35
57,2024-06-10 07:39:00,Не указан,Сеть «Л’Этуаль» начала работать на рынке Ближнего Востока,Маркетинг,323229,https://adindex.ru/news/marketing/2024/06/10/323229.phtml,31.0,155.0,27.0,0.0,3.825,136.358333335
58,2024-06-10 07:21:00,Не указан,Владелец «Нашего радио» начал искать покупателя на свой актив,Право,323230,https://adindex.ru/news/right/2024/06/10/323230.phtml,35.0,149.0,35.0,0.0,1.5,77.5
59,2024-06-07 18:50:00,Алена Позднякова,Реклама «Инста* теперь LOOKY» появилась на цифровых экранах в Санкт-Петербурге,Пресс-релизы,323217,https://adindex.ru/news/releases/2024/06/7/323217.phtml?erid=2VtzqwkvTi6,26.0,166.0,26.0,0.0,5.0,306.0
60,2024-06-07 18:48:00,Елизавета Ронжина,Правительство поддержало закон о регулировании маркетплейсов,Право,323227,https://adindex.ru/news/right/2024/06/7/323227.phtml,31.0,206.0,30.0,3.125,2.6875,99.0
61,2024-06-07 18:20:00,Елизавета Ронжина,Сергей Ефимов стал главой подразделения Resolution OMD OM Group,Кадры,323226,https://adindex.ru/news/hr/2024/06/7/323226.phtml,46.0,230.0,42.0,16.665,2.741923075,87.5
62,2024-06-07 17:37:00,Не указан,AdIndex и премия «Проксима» запустили совместный спецпроект,Пресс-релизы,323223,https://adindex.ru/news/releases/2024/06/7/323223.phtml,21.0,143.0,21.0,0.0,8.5,736.425
63,2024-06-07 16:53:00,Елизавета Ронжина,Вынужденный «перерыв на рекламу» в Instagram* и рост прогноза рекламного рынка от Dentsu — обзор новостей в зарубежных СМИ,Тенденции,323222,https://adindex.ru/news/tendencies/2024/06/7/323222.phtml,34.0,249.0,33.0,0.0,2.375,173.958333335
64,2024-06-07 16:31:00,Не указан,Телеканал «Пятница!» совместно с Yappy объявили начало кастинга в интеллектуальное шоу «Умнее всех»,Пресс-релизы,323179,https://adindex.ru/news/releases/2024/06/6/323179.phtml?erid=2VtzqwFoGk6,9.0,79.0,9.0,0.0,3.8,363.8
65,2024-06-07 15:48:00,Не указан,Pari поддержит сборную Сербии на чемпионате Европы,Пресс-релизы,323203,https://adindex.ru/news/releases/2024/06/7/323203.phtml,43.0,122.0,43.0,0.0,1.48148148,89.22222222
66,2024-06-07 15:40:00,Мария Хайкина,МАЕР предоставит дополнительное эфирное время для соцпроектов,Пресс-релизы,323205,https://adindex.ru/news/releases/2024/06/7/323205.phtml?erid=2Vtzqw5Y5Kt,22.0,100.0,21.0,0.0,3.833333335,109.133333335
67,2024-06-07 15:08:00,Елизавета Ронжина,Директор по маркетингу Mixit перешел в Divage,Кадры,323213,https://adindex.ru/news/hr/2024/06/7/323213.phtml,72.0,330.0,69.0,0.0,2.085,77.00166666499999
68,2024-06-07 14:30:00,Мария Хайкина,Игроник и Russ договорились о совместном продвижении российских товаров и услуг,Пресс-релизы,323204,https://adindex.ru/news/releases/2024/06/7/323204.phtml?erid=2Vtzqws7X8J,8.0,72.0,8.0,0.0,8.0,180.0
69,2024-06-07 13:25:00,Елизавета Ронжина,Диджитал-инфлюенсер «Пятницы!» переехал на дачу,Креатив,323210,https://adindex.ru/news/creative/2024/06/7/323210.phtml,53.0,311.0,50.0,19.165,4.375,723.0625
70,2024-06-07 12:36:00,Елизавета Ронжина,Антон Ефимов возглавит новое трейдинг-подразделение в OMD OM Group,Маркетинг,323208,https://adindex.ru/news/marketing/2024/06/7/323208.phtml,65.0,286.0,61.0,0.0,2.715,111.30529412000001
71,2024-06-07 11:10:00,Не указан,Авторы «ВКонтакте» смогут получать выплаты без оформления юрлица или самозанятости,Digital,323202,https://adindex.ru/news/digital/2024/06/7/323202.phtml,64.0,355.0,63.0,0.0,3.0,175.16666666499998
72,2024-06-07 10:03:00,Не указан,Финал конкурса рекламы «Битва креаторов» состоится 7 июня в Саранске,Пресс-релизы,323199,https://adindex.ru/news/releases/2024/06/7/323199.phtml,9.0,32.0,9.0,0.0,4.25,328.333333335
73,2024-06-07 09:40:00,Не указан,Юлия Пересильд и ее дочь представили новую коллекцию Ecco,Тенденции,323198,https://adindex.ru/news/tendencies/2024/06/7/323198.phtml,91.0,302.0,89.0,0.0,1.675,53.95
74,2024-06-07 08:37:00,Не указан,Стриминг «Звук» будет развивать театральное искусство,Маркетинг,323197,https://adindex.ru/news/marketing/2024/06/7/323197.phtml,28.0,136.0,25.0,33.335,2.1,262.21
75,2024-06-07 08:00:00,Не указан,WhatsApp создаст специального помощника с ИИ,Digital,323194,https://adindex.ru/news/digital/2024/06/7/323194.phtml,65.0,271.0,60.0,0.0,4.11111111,282.33333333
76,2024-06-07 07:47:00,Не указан,В Госдуме подготовлен законопроект о запрете рекламы в запрещенных соцсетях,Право,323196,https://adindex.ru/news/right/2024/06/7/323196.phtml,179.0,434.0,173.0,0.0,1.56724138,33.333333332500004
77,2024-06-07 07:15:00,Не указан,Крупнейшие продуктовые ретейлеры увеличили выручку на четверть,Тенденции,323195,https://adindex.ru/news/tendencies/2024/06/7/323195.phtml,47.0,149.0,44.0,0.0,1.275,27.625
78,2024-06-07 06:51:00,Не указан,СТС снимет свою версию телеигры «Форт Боярд»,Медиа,323193,https://adindex.ru/news/media/2024/06/7/323193.phtml,44.0,119.0,43.0,0.0,1.863636365,67.32909091
79,2024-06-06 18:24:00,Елизавета Ронжина,«Игроник» объединился с Tele2 для создания диджитал-инструментов,Маркетинг,323189,https://adindex.ru/news/marketing/2024/06/6/323189.phtml,25.0,142.0,23.0,50.0,2.5,59.0
80,2024-06-06 17:42:00,Елизавета Ронжина,Видеореклама появилась в Telegram Mini Apps,Digital,323186,https://adindex.ru/news/digital/2024/06/6/323186.phtml,252.0,679.0,243.0,0.0,3.21,163.83499999999998
81,2024-06-06 16:27:00,Елизавета Худоятова,RoRe увеличила прогноз по объему рынка,Рекламные бюджеты,323184,https://adindex.ru/news/ad_budjet/2024/06/6/323184.phtml,59.0,388.0,56.0,8.335,3.335,270.581666665
82,2024-06-06 14:30:00,Елизавета Ронжина,Лепота! Актер «Великолепного века» анонсировал проект с «Иви»,Креатив,323182,https://adindex.ru/news/creative/2024/06/6/323182.phtml,203.0,469.0,191.0,0.0,1.4300000000000002,52.57
83,2024-06-06 13:29:00,Елизавета Ронжина,«Союзмультфильм» и Сергей Лукьяненко представят медиафраншизу о русских супергероях,Медиа,323181,https://adindex.ru/news/media/2024/06/6/323181.phtml,74.0,335.0,71.0,50.0,1.625,18.625
84,2024-06-06 13:12:00,Мария Хайкина,Медиахолдинг МАЕР поддержал ПМЭФ’24,Пресс-релизы,323164,https://adindex.ru/news/releases/2024/06/5/323164.phtml?erid=2Vtzqv1KavS,15.0,99.0,15.0,0.0,10.291666665000001,1687.75
85,2024-06-06 12:09:00,Елизавета Ронжина,Блогер Сергей Мезенцев стал ведущим шоу о риелторах «Не в метрах счастье»,Медиа,323178,https://adindex.ru/news/media/2024/06/6/323178.phtml,62.0,208.0,60.0,18.75,1.2266666650000002,21.625
86,2024-06-06 11:29:00,Не указан,Яна Лютаревич уходит из Divan.ru,Кадры,323176,https://adindex.ru/news/hr/2024/06/6/323176.phtml,179.0,556.0,160.0,2.63,1.9888709675,68.64
87,2024-06-06 10:18:00,Не указан,Продажи техники выросли на 15% в первом квартале,Тенденции,323174,https://adindex.ru/news/tendencies/2024/06/6/323174.phtml,21.0,106.0,18.0,0.0,4.0,1208.0
88,2024-06-06 09:49:00,Не указан,Треть компаний увеличили расходы на рекламу в первом квартале,Тенденции,323173,https://adindex.ru/news/tendencies/2024/06/6/323173.phtml,48.0,364.0,43.0,0.0,5.4,643.4
89,2024-06-06 08:23:00,Не указан,Disney может выпустить продолжение «Гравити Фолз»,Медиа,323172,https://adindex.ru/news/media/2024/06/6/323172.phtml,1393.0,1894.0,1313.0,0.0,1.0,20.885714285
90,2024-06-06 07:50:00,Не указан,Instagram* добавил новые функции в Notes,Digital,323171,https://adindex.ru/news/digital/2024/06/6/323171.phtml,48.0,325.0,47.0,0.0,4.2,485.09545454500005
91,2024-06-06 07:38:00,Не указан,Новый кириллический домен появился в России впервые за 10 лет,Digital,323170,https://adindex.ru/news/digital/2024/06/6/323170.phtml,51.0,410.0,50.0,0.0,5.53333333,262.0
92,2024-06-06 07:17:00,Не указан,Количество китайских продавцов на Ozon превысило 100 тысяч,Тенденции,323169,https://adindex.ru/news/tendencies/2024/06/6/323169.phtml,20.0,113.0,20.0,0.0,6.0,528.6
93,2024-06-05 15:12:00,Не указан,Экспертный совет digital-премии «Проксима» окончательно сформирован,Пресс-релизы,323072,https://adindex.ru/news/releases/2024/06/3/323072.phtml?erid=2VtzqvEhV7t,35.0,132.0,34.0,0.0,7.25,1300.5
94,2024-06-05 14:27:00,Елизавета Ронжина,«Яндекс» сформировал новый совет директоров,Digital,323161,https://adindex.ru/news/digital/2024/06/5/323161.phtml,71.0,293.0,67.0,12.5,1.25,26.0
95,2024-06-05 12:55:00,Елизавета Ронжина,«Самокат» выступил против кибербуллинга и провел день с подростком,Социальные проекты,323142,https://adindex.ru/news/social_advertising/2024/06/5/323142.phtml,43.0,252.0,40.0,0.0,2.2916666675,79.125
96,2024-06-05 11:26:00,Елизавета Ронжина,«Дзен» добавил возможность подписки на определенную тему,Digital,323137,https://adindex.ru/news/digital/2024/06/5/323137.phtml,141.0,487.0,137.0,0.0,4.3,206.5
97,2024-06-05 10:40:00,Валентина Буйлова,IKEA открыла первый магазин в Roblox,Маркетинг,323136,https://adindex.ru/news/marketing/2024/06/5/323136.phtml,125.0,559.0,118.0,0.0,3.3181081075,168.4386486475
98,2024-06-05 09:42:00,Валентина Буйлова,«Тинькофф» переименован в Т‑Банк,Маркетинг,323134,https://adindex.ru/news/marketing/2024/06/5/323134.phtml,261.0,721.0,236.0,0.0,2.75,297.636363635
99,2024-06-05 07:52:00,Валентина Буйлова,Росаккредитация может обязать маркетплейсы подтверждать качество товаров,Право,323133,https://adindex.ru/news/right/2024/06/5/323133.phtml,17.0,99.0,15.0,0.0,4.333333335,198.0
100,2024-06-05 07:38:00,Валентина Буйлова,«Эксмо-АСТ» введет питчинг для игровых студий и театров,Маркетинг,323132,https://adindex.ru/news/marketing/2024/06/5/323132.phtml,36.0,177.0,33.0,0.0,2.583333335,39.666666665
101,2024-06-05 07:21:00,Валентина Буйлова,Продажи билетов на развлекательные мероприятия восстановились после падения,Тенденции,323131,https://adindex.ru/news/tendencies/2024/06/5/323131.phtml,16.0,126.0,16.0,0.0,8.75,1653.35
102,2024-06-04 18:45:00,Елизавета Ронжина,Citroën «угнал» электромобили у элиты,Креатив,323130,https://adindex.ru/news/creative/2024/06/4/323130.phtml,63.0,240.0,62.0,0.0,2.65,375.1
103,2024-06-04 18:12:00,Елизавета Ронжина,Сибирские города-миллионники стали лидерами по обороту на маркетплейсах,Исследования,323129,https://adindex.ru/news/researches/2024/06/4/323129.phtml,42.0,187.0,40.0,0.0,1.825,131.775
104,2024-06-04 17:45:00,Елизавета Ронжина,«Авито» назначил Татьяну Жаркову руководителем финтех-направления,Кадры,323128,https://adindex.ru/news/hr/2024/06/4/323128.phtml,89.0,309.0,85.0,12.5,2.296875,78.0
105,2024-06-04 16:31:00,Елизавета Ронжина,МТС Ads представила платформу для сбора данных о клиентах в едином профиле,Маркетинг,323126,https://adindex.ru/news/marketing/2024/06/4/323126.phtml,113.0,531.0,99.0,0.0,2.574324325,112.06
106,2024-06-04 15:08:00,Елизавета Ронжина,Группа «Хлеб» рассказала про опции «VK Музыки»,Креатив,323125,https://adindex.ru/news/creative/2024/06/4/323125.phtml,88.0,393.0,84.0,0.0,2.75,267.625
107,2024-06-04 12:16:00,Елизавета Ронжина,Четыре банка РФ объединили данные о счетах клиентов,Маркетинг,323121,https://adindex.ru/news/marketing/2024/06/4/323121.phtml,78.0,268.0,74.0,0.0,1.236842105,61.333333335
108,2024-06-04 11:49:00,Елизавета Ронжина,Гендиректором оператора платежной системы «Мир» стал Дмитрий Дубынин,Кадры,323120,https://adindex.ru/news/hr/2024/06/4/323120.phtml,71.0,265.0,69.0,16.665,1.646341465,53.5
109,2024-06-04 11:06:00,Елизавета Ронжина,«Веломоторс» назначила Ивана Нагибу директором по маркетингу,Кадры,323103,https://adindex.ru/news/hr/2024/06/4/323103.phtml,144.0,443.0,120.0,7.142857145,2.09357143,123.335
110,2024-06-04 10:17:00,Валентина Буйлова,«Роллтон» снял ролик под трек Глюкозы,Креатив,323085,https://adindex.ru/news/creative/2024/06/4/323085.phtml,170.0,544.0,162.0,16.665,1.5,59.5
111,2024-06-04 09:49:00,Валентина Буйлова,Объем заказов из других стран может сократиться на 10% год к году,Тенденции,323086,https://adindex.ru/news/tendencies/2024/06/4/323086.phtml,12.0,85.0,12.0,0.0,5.5,248.66666666499998
112,2024-06-04 08:38:00,Валентина Буйлова,Starbucks подала заявки в Роспатент на несколько товарных знаков,Право,323087,https://adindex.ru/news/right/2024/06/4/323087.phtml,85.0,287.0,79.0,18.0,2.0,118.3125
113,2024-06-04 08:02:00,Валентина Буйлова,«Выходите за рамки привычного»: hh.ru снял ролик в стиле Уэса Андерсона,Креатив,323084,https://adindex.ru/news/creative/2024/06/4/323084.phtml,39.0,234.0,37.0,3.5714285725,2.0714285725,57.0
114,2024-06-04 07:36:00,Валентина Буйлова,Майнинг может стать видом экономической деятельности в стране,Право,323083,https://adindex.ru/news/right/2024/06/4/323083.phtml,28.0,134.0,27.0,0.0,6.0274725275000005,322.5576923075
115,2024-06-04 07:23:00,Валентина Буйлова,Выручка кинотеатров в мае может сократиться на 25% год к году,Тенденции,323082,https://adindex.ru/news/tendencies/2024/06/4/323082.phtml,34.0,157.0,33.0,0.0,3.045454545,113.0
116,2024-06-03 18:58:00,Валентина Буйлова,Фантастика и фэнтези стали самыми ожидаемыми категориями книг лета,Тенденции,323081,https://adindex.ru/news/tendencies/2024/06/3/323081.phtml,24.0,104.0,24.0,0.0,3.0,137.0
117,2024-06-03 18:00:00,Валентина Буйлова,Российские производители укрепили позиции на рынке косметики,Тенденции,323080,https://adindex.ru/news/tendencies/2024/06/3/323080.phtml,34.0,142.0,32.0,0.0,3.6875,199.0
118,2024-06-03 17:16:00,Не указан,Digital Budget запустил систему мониторинга Banner Stat,Пресс-релизы,323074,https://adindex.ru/news/releases/2024/06/3/323074.phtml?erid=2Vtzqw8EXdQ,41.0,313.0,39.0,0.0,3.415,505.76190476
119,2024-06-03 17:08:00,Не указан,"Брендлокатор. Подрядчиков ищут: «ВКонтакте», «М.Видео-Эльдорадо», Mixit, Ozon",Эккаунты,323077,https://adindex.ru/news/ek/2024/06/3/323077.phtml,62.0,385.0,60.0,0.0,2.285,152.215
120,2024-06-03 16:22:00,Валентина Буйлова,МТС показал племянника Дмитрия Нагиева в новой рекламной кампании,Креатив,323075,https://adindex.ru/news/creative/2024/06/3/323075.phtml,1450.0,2024.0,1387.0,19.399375,1.165,59.165
121,2024-06-03 11:14:00,Елизавета Ронжина,Рынок Smart TV восстановился после ухода иностранных брендов,Тенденции,323066,https://adindex.ru/news/tendencies/2024/06/3/323066.phtml,86.0,517.0,69.0,7.145,1.7301515150000002,92.16
122,2024-06-03 09:59:00,Елизавета Ронжина,«Додо Пицца» подала в суд на «Телеграм»,Право,323061,https://adindex.ru/news/right/2024/06/3/323061.phtml,102.0,609.0,98.0,0.0,1.692857145,26.683333335
123,2024-06-03 08:42:00,Елизавета Ронжина,РПЦ и Роспатент хотят запретить регистрировать товарные знаки с религиозной символикой,Право,323060,https://adindex.ru/news/right/2024/06/3/323060.phtml,43.0,397.0,40.0,0.0,2.625,104.333333335
124,2024-06-03 08:02:00,Не указан,«Билайн» рассказал о качестве связи в оживленных местах,Креатив,323059,https://adindex.ru/news/creative/2024/06/3/323059.phtml,57.0,272.0,52.0,0.0,2.0,151.75
125,2024-06-03 07:48:00,Елизавета Ронжина,Nestle сделала фокус на питании для пожилых на фоне снижения рождаемости,Маркетинг,323058,https://adindex.ru/news/marketing/2024/06/3/323058.phtml,66.0,453.0,60.0,0.0,2.6666666675,118.6666666675
126,2024-06-03 07:32:00,Елизавета Ронжина,"Продажи холодного кофе в российских сетях выросли более чем в 2,5 раза",Тенденции,323057,https://adindex.ru/news/tendencies/2024/06/3/323057.phtml,64.0,210.0,47.0,12.0,1.794117645,40.088235295000004
127,2024-06-03 07:07:00,Елизавета Ронжина,Производитель бытовой техники Hansa отдал бизнес в РФ дистрибьютору,Тенденции,323056,https://adindex.ru/news/tendencies/2024/06/3/323056.phtml,76.0,273.0,72.0,0.0,2.0,139.0
128,2024-06-03 06:53:00,Елизавета Ронжина,«Яндекс» начал работать над единой нейросетью для речи и текста,Digital,323055,https://adindex.ru/news/digital/2024/06/3/323055.phtml,56.0,313.0,52.0,0.0,3.125,149.0
